id_jogo,ano,serie,fase,rodada,data,mandante,visitante,gols_m,gols_v,tapetao_m,tapetao_v,status,sofascore_id
B2026.1,2026,B,Única,1,2026-03-21,BOTAFOGO (SP),FORTALEZA (CE),4,0,0,0,realizado,15525984
B2026.2,2026,B,Única,1,2026-03-21,CEARÁ (CE),SÃO BERNARDO (SP),1,1,0,0,realizado,15525988
B2026.3,2026,B,Única,1,2026-03-21,CUIABÁ (MT),SPORT (PE),0,0,0,0,realizado,15525993
B2026.4,2026,B,Única,1,2026-03-21,OPERÁRIO (PR),ATLÉTICO (GO),1,0,0,0,realizado,15525987
B2026.5,2026,B,Única,1,2026-03-21,VILA NOVA (GO),CRB (AL),2,2,0,0,realizado,15525994
B2026.6,2026,B,Única,1,2026-03-22,ATHLETIC (MG),PONTE PRETA (SP),2,1,0,0,realizado,15525986
B2026.7,2026,B,Única,1,2026-03-22,AVAÍ (SC),JUVENTUDE (RS),2,0,0,0,realizado,15525991
B2026.8,2026,B,Única,1,2026-03-22,GOIÁS (GO),AMÉRICA (MG),3,1,0,0,realizado,15525989
B2026.9,2026,B,Única,1,2026-03-22,NOVORIZONTINO (SP),LONDRINA (PR),1,3,0,0,realizado,15525985
B2026.10,2026,B,Única,1,2026-03-22,NÁUTICO (PE),CRICIÚMA (SC),0,1,0,0,realizado,15525992
B2026.11,2026,B,Única,2,2026-03-31,FORTALEZA (CE),CUIABÁ (MT),0,0,0,0,realizado,15525999
B2026.12,2026,B,Única,2,2026-03-31,JUVENTUDE (RS),NOVORIZONTINO (SP),0,0,0,0,realizado,15526004
B2026.13,2026,B,Única,2,2026-04-01,AMÉRICA (MG),BOTAFOGO (SP),1,2,0,0,realizado,15525997
B2026.14,2026,B,Única,2,2026-04-01,ATLÉTICO (GO),NÁUTICO (PE),1,2,0,0,realizado,15526000
B2026.15,2026,B,Única,2,2026-04-01,CRB (AL),AVAÍ (SC),0,1,0,0,realizado,15526003
B2026.16,2026,B,Única,2,2026-04-01,CRICIÚMA (SC),ATHLETIC (MG),1,1,0,0,realizado,15526001
B2026.17,2026,B,Única,2,2026-04-01,LONDRINA (PR),GOIÁS (GO),2,2,0,0,realizado,15525998
B2026.18,2026,B,Única,2,2026-04-01,PONTE PRETA (SP),CEARÁ (CE),1,1,0,0,realizado,15525995
B2026.19,2026,B,Única,2,2026-04-01,SPORT (PE),VILA NOVA (GO),1,1,0,0,realizado,15526002
B2026.20,2026,B,Única,2,2026-04-02,SÃO BERNARDO (SP),OPERÁRIO (PR),1,2,0,0,realizado,15525996
B2026.21,2026,B,Única,3,2026-04-04,CUIABÁ (MT),CEARÁ (CE),0,2,0,0,realizado,15526013
B2026.22,2026,B,Única,3,2026-04-04,FORTALEZA (CE),JUVENTUDE (RS),2,1,0,0,realizado,15526009
B2026.23,2026,B,Única,3,2026-04-04,LONDRINA (PR),SPORT (PE),1,2,0,0,realizado,15526008
B2026.24,2026,B,Única,3,2026-04-04,NÁUTICO (PE),PONTE PRETA (SP),1,0,0,0,realizado,15526012
B2026.25,2026,B,Única,3,2026-04-04,VILA NOVA (GO),ATLÉTICO (GO),2,1,0,0,realizado,15526014
B2026.26,2026,B,Única,3,2026-04-05,ATHLETIC (MG),AMÉRICA (MG),1,1,0,0,realizado,15526007
B2026.27,2026,B,Única,3,2026-04-05,AVAÍ (SC),OPERÁRIO (PR),0,0,0,0,realizado,15526011
B2026.28,2026,B,Única,3,2026-04-05,BOTAFOGO (SP),SÃO BERNARDO (SP),1,2,0,0,realizado,15526005
B2026.29,2026,B,Única,3,2026-04-05,NOVORIZONTINO (SP),CRB (AL),1,1,0,0,realizado,15526006
B2026.30,2026,B,Única,3,2026-04-06,GOIÁS (GO),CRICIÚMA (SC),1,0,0,0,realizado,15526010
B2026.31,2026,B,Única,4,2026-04-10,CRICIÚMA (SC),BOTAFOGO (SP),1,0,0,0,realizado,15526021
B2026.32,2026,B,Única,4,2026-04-11,CEARÁ (CE),NÁUTICO (PE),1,0,0,0,realizado,15526019
B2026.33,2026,B,Única,4,2026-04-11,JUVENTUDE (RS),GOIÁS (GO),2,0,0,0,realizado,15526024
B2026.34,2026,B,Única,4,2026-04-11,PONTE PRETA (SP),VILA NOVA (GO),0,1,0,0,realizado,15526015
B2026.35,2026,B,Única,4,2026-04-11,SPORT (PE),AVAÍ (SC),2,2,0,0,realizado,15526022
B2026.36,2026,B,Única,4,2026-04-12,AMÉRICA (MG),NOVORIZONTINO (SP),0,3,0,0,realizado,15526017
B2026.37,2026,B,Única,4,2026-04-12,ATLÉTICO (GO),LONDRINA (PR),2,1,0,0,realizado,15526020
B2026.38,2026,B,Única,4,2026-04-12,CRB (AL),ATHLETIC (MG),2,3,0,0,realizado,15526023
B2026.39,2026,B,Única,4,2026-04-12,OPERÁRIO (PR),CUIABÁ (MT),0,0,0,0,realizado,15526018
B2026.40,2026,B,Única,4,2026-04-12,SÃO BERNARDO (SP),FORTALEZA (CE),0,1,0,0,realizado,15526016
B2026.41,2026,B,Única,5,2026-04-18,AMÉRICA (MG),SPORT (PE),0,0,0,0,realizado,15526027
B2026.42,2026,B,Única,5,2026-04-18,AVAÍ (SC),PONTE PRETA (SP),1,2,0,0,realizado,15526031
B2026.43,2026,B,Única,5,2026-04-18,CRB (AL),JUVENTUDE (RS),0,1,0,0,realizado,15526033
B2026.44,2026,B,Única,5,2026-04-18,NÁUTICO (PE),SÃO BERNARDO (SP),0,3,0,0,realizado,15526032
B2026.45,2026,B,Única,5,2026-04-18,VILA NOVA (GO),OPERÁRIO (PR),2,1,0,0,realizado,15526034
B2026.46,2026,B,Única,5,2026-04-19,BOTAFOGO (SP),ATLÉTICO (GO),1,1,0,0,realizado,15526025
B2026.47,2026,B,Única,5,2026-04-19,FORTALEZA (CE),CRICIÚMA (SC),3,2,0,0,realizado,15526029
B2026.48,2026,B,Única,5,2026-04-19,GOIÁS (GO),CUIABÁ (MT),0,2,0,0,realizado,15526030
B2026.49,2026,B,Única,5,2026-04-19,LONDRINA (PR),CEARÁ (CE),0,0,0,0,realizado,15526028
B2026.50,2026,B,Única,5,2026-04-19,NOVORIZONTINO (SP),ATHLETIC (MG),2,1,0,0,realizado,15526026
B2026.51,2026,B,Única,6,2026-04-22,CUIABÁ (MT),BOTAFOGO (SP),1,1,0,0,realizado,15526044
B2026.52,2026,B,Única,6,2026-04-24,PONTE PRETA (SP),AMÉRICA (MG),1,0,0,0,realizado,15526035
B2026.53,2026,B,Única,6,2026-04-25,JUVENTUDE (RS),LONDRINA (PR),1,0,0,0,realizado,15526045
B2026.54,2026,B,Única,6,2026-04-25,SPORT (PE),NOVORIZONTINO (SP),1,0,0,0,realizado,15526043
B2026.55,2026,B,Única,6,2026-04-26,ATLÉTICO (GO),AVAÍ (SC),2,1,0,0,realizado,15526041
B2026.56,2026,B,Única,6,2026-04-26,CEARÁ (CE),VILA NOVA (GO),3,3,0,0,realizado,15526040
B2026.57,2026,B,Única,6,2026-04-26,CRICIÚMA (SC),CRB (AL),3,1,0,0,realizado,15526042
B2026.58,2026,B,Única,6,2026-04-26,OPERÁRIO (PR),FORTALEZA (CE),0,0,0,0,realizado,15526039
B2026.59,2026,B,Única,6,2026-04-26,SÃO BERNARDO (SP),GOIÁS (GO),1,0,0,0,realizado,15526037
B2026.60,2026,B,Única,6,2026-04-27,ATHLETIC (MG),NÁUTICO (PE),0,1,0,0,realizado,16023898
B2026.61,2026,B,Única,7,2026-05-02,BOTAFOGO (SP),NÁUTICO (PE),1,1,0,0,realizado,15526047
B2026.62,2026,B,Única,7,2026-05-02,CUIABÁ (MT),CRICIÚMA (SC),1,1,0,0,realizado,15526073
B2026.63,2026,B,Única,7,2026-05-02,FORTALEZA (CE),GOIÁS (GO),4,1,0,0,realizado,15526051
B2026.64,2026,B,Única,7,2026-05-03,AMÉRICA (MG),CRB (AL),1,2,0,0,realizado,15526049
B2026.65,2026,B,Única,7,2026-05-03,ATLÉTICO (GO),JUVENTUDE (RS),0,0,0,0,realizado,15526052
B2026.66,2026,B,Única,7,2026-05-03,AVAÍ (SC),NOVORIZONTINO (SP),3,3,0,0,realizado,15526057
B2026.67,2026,B,Única,7,2026-05-03,OPERÁRIO (PR),LONDRINA (PR),3,0,0,0,realizado,15526050
B2026.68,2026,B,Única,7,2026-05-03,SPORT (PE),CEARÁ (CE),2,0,0,0,realizado,15526072
B2026.69,2026,B,Única,7,2026-05-03,SÃO BERNARDO (SP),PONTE PRETA (SP),3,0,0,0,realizado,15526048
B2026.70,2026,B,Única,7,2026-05-04,VILA NOVA (GO),ATHLETIC (MG),1,1,0,0,realizado,15526074
B2026.71,2026,B,Única,8,2026-05-09,ATHLETIC (MG),CUIABÁ (MT),0,0,0,0,realizado,15526078
B2026.72,2026,B,Única,8,2026-05-09,CEARÁ (CE),ATLÉTICO (GO),0,1,0,0,realizado,15526080
B2026.73,2026,B,Única,8,2026-05-09,CRB (AL),OPERÁRIO (PR),3,0,0,0,realizado,15526084
B2026.74,2026,B,Única,8,2026-05-09,GOIÁS (GO),VILA NOVA (GO),1,0,0,0,realizado,15526081
B2026.75,2026,B,Única,8,2026-05-09,JUVENTUDE (RS),CRICIÚMA (SC),0,0,0,0,realizado,15526085
B2026.76,2026,B,Única,8,2026-05-09,PONTE PRETA (SP),SPORT (PE),1,3,0,0,realizado,15526075
B2026.77,2026,B,Única,8,2026-05-10,AVAÍ (SC),FORTALEZA (CE),0,0,0,0,realizado,15526082
B2026.78,2026,B,Única,8,2026-05-10,NOVORIZONTINO (SP),BOTAFOGO (SP),1,0,0,0,realizado,15526076
B2026.79,2026,B,Única,8,2026-05-10,NÁUTICO (PE),AMÉRICA (MG),4,0,0,0,realizado,15526083
B2026.80,2026,B,Única,8,2026-05-12,LONDRINA (PR),SÃO BERNARDO (SP),1,3,0,0,realizado,16127067
B2026.81,2026,B,Única,9,2026-05-16,CUIABÁ (MT),NOVORIZONTINO (SP),0,0,0,0,realizado,15526094
B2026.82,2026,B,Única,9,2026-05-16,GOIÁS (GO),BOTAFOGO (SP),1,0,0,0,realizado,15526091
B2026.83,2026,B,Única,9,2026-05-16,OPERÁRIO (PR),NÁUTICO (PE),2,6,0,0,realizado,15526089
B2026.84,2026,B,Única,9,2026-05-16,SÃO BERNARDO (SP),AMÉRICA (MG),1,1,0,0,realizado,15526087
B2026.85,2026,B,Única,9,2026-05-17,ATHLETIC (MG),JUVENTUDE (RS),1,1,0,0,realizado,15526088
B2026.86,2026,B,Única,9,2026-05-17,CEARÁ (CE),FORTALEZA (CE),2,1,0,0,realizado,15526090
B2026.87,2026,B,Única,9,2026-05-17,CRICIÚMA (SC),ATLÉTICO (GO),1,1,0,0,realizado,15526092
B2026.88,2026,B,Única,9,2026-05-17,SPORT (PE),CRB (AL),1,2,0,0,realizado,15526093
B2026.89,2026,B,Única,9,2026-05-17,VILA NOVA (GO),AVAÍ (SC),2,0,0,0,realizado,15526095
B2026.90,2026,B,Única,9,2026-05-18,PONTE PRETA (SP),LONDRINA (PR),1,4,0,0,realizado,15526086
B2026.91,2026,B,Única,10,2026-05-22,NÁUTICO (PE),CUIABÁ (MT),1,0,0,0,realizado,15526104
B2026.92,2026,B,Única,10,2026-05-23,FORTALEZA (CE),LONDRINA (PR),3,0,0,0,realizado,15526101
B2026.93,2026,B,Única,10,2026-05-23,JUVENTUDE (RS),SPORT (PE),0,1,0,0,realizado,15526106
B2026.94,2026,B,Única,10,2026-05-23,NOVORIZONTINO (SP),CEARÁ (CE),2,1,0,0,realizado,15526098
B2026.95,2026,B,Única,10,2026-05-24,AMÉRICA (MG),VILA NOVA (GO),1,2,0,0,realizado,15526099
B2026.96,2026,B,Única,10,2026-05-24,ATLÉTICO (GO),SÃO BERNARDO (SP),0,1,0,0,realizado,15526102
B2026.97,2026,B,Única,10,2026-05-24,AVAÍ (SC),GOIÁS (GO),0,2,0,0,realizado,15526103
B2026.98,2026,B,Única,10,2026-05-24,CRB (AL),PONTE PRETA (SP),4,2,0,0,realizado,15526105
B2026.99,2026,B,Única,10,2026-05-24,OPERÁRIO (PR),CRICIÚMA (SC),1,1,0,0,realizado,15526100
B2026.100,2026,B,Única,10,2026-05-25,BOTAFOGO (SP),ATHLETIC (MG),1,2,0,0,realizado,15526097
B2026.101,2026,B,Única,11,2026-05-29,JUVENTUDE (RS),AMÉRICA (MG),3,0,0,0,realizado,15526116
B2026.102,2026,B,Única,11,2026-05-30,ATHLETIC (MG),FORTALEZA (CE),1,0,0,0,realizado,15526109
B2026.103,2026,B,Única,11,2026-05-30,ATLÉTICO (GO),GOIÁS (GO),1,1,0,0,realizado,15526112
B2026.104,2026,B,Única,11,2026-05-30,AVAÍ (SC),CRICIÚMA (SC),1,2,0,0,realizado,15526113
B2026.105,2026,B,Única,11,2026-05-30,SPORT (PE),NÁUTICO (PE),2,0,0,0,realizado,15526114
B2026.106,2026,B,Única,11,2026-05-31,CEARÁ (CE),OPERÁRIO (PR),1,2,0,0,realizado,15526111
B2026.107,2026,B,Única,11,2026-05-31,CUIABÁ (MT),CRB (AL),2,0,0,0,realizado,15526115
B2026.108,2026,B,Única,11,2026-05-31,LONDRINA (PR),VILA NOVA (GO),0,1,0,0,realizado,15526110
B2026.109,2026,B,Única,11,2026-05-31,SÃO BERNARDO (SP),NOVORIZONTINO (SP),1,1,0,0,realizado,15526108
B2026.110,2026,B,Única,11,2026-06-01,PONTE PRETA (SP),BOTAFOGO (SP),0,0,0,0,realizado,15526107
B2026.111,2026,B,Única,12,2026-06-05,OPERÁRIO (PR),JUVENTUDE (RS),2,1,0,0,realizado,15526120
B2026.112,2026,B,Única,12,2026-06-06,CRICIÚMA (SC),LONDRINA (PR),1,0,0,0,realizado,15526123
B2026.113,2026,B,Única,12,2026-06-07,CRB (AL),SÃO BERNARDO (SP),2,3,0,0,realizado,15526125
B2026.114,2026,B,Única,12,2026-06-08,AMÉRICA (MG),ATLÉTICO (GO),1,2,0,0,realizado,15526119
B2026.115,2026,B,Única,12,2026-06-08,VILA NOVA (GO),BOTAFOGO (SP),1,0,0,0,realizado,15526126
B2026.116,2026,B,Única,12,2026-06-09,NÁUTICO (PE),FORTALEZA (CE),0,1,0,0,realizado,15526124
B2026.117,2026,B,Única,12,2026-06-09,PONTE PRETA (SP),CUIABÁ (MT),1,2,0,0,realizado,15526117
B2026.118,2026,B,Única,12,2026-06-10,CEARÁ (CE),AVAÍ (SC),2,1,0,0,realizado,15526121
B2026.119,2026,B,Única,12,2026-06-10,GOIÁS (GO),NOVORIZONTINO (SP),0,4,0,0,realizado,15526122
B2026.120,2026,B,Única,12,2026-06-10,SPORT (PE),ATHLETIC (MG),1,1,0,0,realizado,15526118
B2026.121,2026,B,Única,13,2026-06-12,ATLÉTICO (GO),CRB (AL),3,3,0,0,realizado,15526133
B2026.122,2026,B,Única,13,2026-06-14,ATHLETIC (MG),GOIÁS (GO),1,1,0,0,realizado,15526129
B2026.123,2026,B,Única,13,2026-06-14,BOTAFOGO (SP),OPERÁRIO (PR),2,1,0,0,realizado,15526127
B2026.124,2026,B,Única,13,2026-06-14,CUIABÁ (MT),VILA NOVA (GO),1,0,0,0,realizado,15526136
B2026.125,2026,B,Única,13,2026-06-14,JUVENTUDE (RS),PONTE PRETA (SP),3,0,0,0,realizado,15526137
B2026.126,2026,B,Única,13,2026-06-14,NOVORIZONTINO (SP),NÁUTICO (PE),2,2,0,0,realizado,15526135
B2026.127,2026,B,Única,13,2026-06-14,SÃO BERNARDO (SP),SPORT (PE),0,0,0,0,realizado,15526128
B2026.128,2026,B,Única,13,2026-06-15,CRICIÚMA (SC),CEARÁ (CE),1,1,0,0,realizado,15526134
B2026.129,2026,B,Única,13,2026-06-15,LONDRINA (PR),AVAÍ (SC),3,2,0,0,realizado,15526130
B2026.130,2026,B,Única,13,2026-06-16,FORTALEZA (CE),AMÉRICA (MG),0,3,0,0,realizado,15526132
B2026.131,2026,B,Única,14,2026-06-18,SPORT (PE),ATLÉTICO (GO),1,1,0,0,realizado,15526145
B2026.132,2026,B,Única,14,2026-06-20,CEARÁ (CE),BOTAFOGO (SP),0,1,0,0,realizado,15526142
B2026.133,2026,B,Única,14,2026-06-20,LONDRINA (PR),ATHLETIC (MG),2,0,0,0,realizado,15526141
B2026.134,2026,B,Única,14,2026-06-20,VILA NOVA (GO),NÁUTICO (PE),4,3,0,0,realizado,15526147
B2026.135,2026,B,Única,14,2026-06-21,AVAÍ (SC),CUIABÁ (MT),1,0,0,0,realizado,15526144
B2026.136,2026,B,Única,14,2026-06-21,CRB (AL),FORTALEZA (CE),1,1,0,0,realizado,15526146
B2026.137,2026,B,Única,14,2026-06-21,GOIÁS (GO),OPERÁRIO (PR),0,3,0,0,realizado,16311743
B2026.138,2026,B,Única,14,2026-06-21,SÃO BERNARDO (SP),JUVENTUDE (RS),0,1,0,0,realizado,15526139
B2026.139,2026,B,Única,14,2026-06-22,PONTE PRETA (SP),NOVORIZONTINO (SP),0,2,0,0,realizado,15526138
B2026.140,2026,B,Única,14,2026-06-23,AMÉRICA (MG),CRICIÚMA (SC),0,1,0,0,realizado,15526140
B2026.141,2026,B,Única,15,2026-06-25,CUIABÁ (MT),LONDRINA (PR),2,2,0,0,realizado,15526156
B2026.142,2026,B,Única,15,2026-06-26,NOVORIZONTINO (SP),VILA NOVA (GO),2,1,0,0,realizado,15526149
B2026.143,2026,B,Única,15,2026-06-27,CRICIÚMA (SC),SÃO BERNARDO (SP),1,0,0,0,realizado,15526154
B2026.144,2026,B,Única,15,2026-06-27,OPERÁRIO (PR),AMÉRICA (MG),1,0,0,0,realizado,15526151
B2026.145,2026,B,Única,15,2026-06-28,ATHLETIC (MG),AVAÍ (SC),1,0,0,0,realizado,15526150
B2026.146,2026,B,Única,15,2026-06-28,ATLÉTICO (GO),PONTE PRETA (SP),2,0,0,0,realizado,15526153
B2026.147,2026,B,Única,15,2026-06-28,FORTALEZA (CE),SPORT (PE),2,1,0,0,realizado,15526152
B2026.148,2026,B,Única,15,2026-06-28,JUVENTUDE (RS),CEARÁ (CE),2,0,0,0,realizado,15526157
B2026.149,2026,B,Única,15,2026-06-28,NÁUTICO (PE),GOIÁS (GO),0,1,0,0,realizado,15526155
B2026.150,2026,B,Única,15,2026-06-30,BOTAFOGO (SP),CRB (AL),0,1,0,0,realizado,15526148
B2026.151,2026,B,Única,16,2026-07-02,CUIABÁ (MT),AMÉRICA (MG),1,0,0,0,realizado,15526166
B2026.152,2026,B,Única,16,2026-07-02,FORTALEZA (CE),PONTE PRETA (SP),2,0,0,0,realizado,15526162
B2026.153,2026,B,Única,16,2026-07-04,CRICIÚMA (SC),SPORT (PE),1,0,0,0,realizado,15526164
B2026.154,2026,B,Única,16,2026-07-04,GOIÁS (GO),CEARÁ (CE),2,0,0,0,realizado,15526163
B2026.155,2026,B,Única,16,2026-07-04,LONDRINA (PR),CRB (AL),5,0,0,0,realizado,15526161
B2026.156,2026,B,Única,16,2026-07-04,NOVORIZONTINO (SP),ATLÉTICO (GO),3,0,0,0,realizado,15526159
B2026.157,2026,B,Única,16,2026-07-05,NÁUTICO (PE),JUVENTUDE (RS),0,0,0,0,realizado,15526165
B2026.158,2026,B,Única,16,2026-07-06,BOTAFOGO (SP),AVAÍ (SC),3,1,0,0,realizado,15526158
B2026.159,2026,B,Única,16,2026-07-06,VILA NOVA (GO),SÃO BERNARDO (SP),2,1,0,0,realizado,15526167
B2026.160,2026,B,Única,16,2026-07-07,ATHLETIC (MG),OPERÁRIO (PR),0,1,0,0,realizado,15526160
B2026.161,2026,B,Única,17,2026-07-08,PONTE PRETA (SP),CRICIÚMA (SC),1,2,0,0,realizado,15526168
B2026.162,2026,B,Única,17,2026-07-10,JUVENTUDE (RS),VILA NOVA (GO),1,0,0,0,realizado,15526177
B2026.163,2026,B,Única,17,2026-07-10,SPORT (PE),BOTAFOGO (SP),3,3,0,0,realizado,15526175
B2026.164,2026,B,Única,17,2026-07-12,ATLÉTICO (GO),FORTALEZA (CE),1,0,0,0,realizado,15526173
B2026.165,2026,B,Única,17,2026-07-12,AVAÍ (SC),NÁUTICO (PE),2,0,0,0,realizado,15526174
B2026.166,2026,B,Única,17,2026-07-12,CRB (AL),GOIÁS (GO),2,2,0,0,realizado,15526176
B2026.167,2026,B,Única,17,2026-07-12,OPERÁRIO (PR),NOVORIZONTINO (SP),2,1,0,0,realizado,15526171
B2026.168,2026,B,Única,17,2026-07-12,SÃO BERNARDO (SP),CUIABÁ (MT),2,2,0,0,realizado,15526169
B2026.169,2026,B,Única,17,2026-07-13,AMÉRICA (MG),LONDRINA (PR),1,1,0,0,realizado,15526170
B2026.170,2026,B,Única,17,2026-07-13,CEARÁ (CE),ATHLETIC (MG),0,0,0,0,realizado,15526172
B2026.171,2026,B,Única,18,2026-07-16,CRB (AL),NÁUTICO (PE),2,1,0,0,realizado,15526186
B2026.172,2026,B,Única,18,2026-07-17,AMÉRICA (MG),CEARÁ (CE),1,1,0,0,realizado,15526180
B2026.173,2026,B,Única,18,2026-07-17,FORTALEZA (CE),NOVORIZONTINO (SP),1,0,0,0,realizado,15526182
B2026.174,2026,B,Única,18,2026-07-17,JUVENTUDE (RS),CUIABÁ (MT),2,0,0,0,realizado,15526187
B2026.175,2026,B,Única,18,2026-07-17,LONDRINA (PR),BOTAFOGO (SP),0,0,0,0,realizado,15526181
B2026.176,2026,B,Única,18,2026-07-17,SÃO BERNARDO (SP),AVAÍ (SC),1,1,0,0,realizado,15526179
B2026.177,2026,B,Única,18,2026-07-18,ATLÉTICO (GO),ATHLETIC (MG),0,0,0,0,realizado,15526183
B2026.178,2026,B,Única,18,2026-07-18,CRICIÚMA (SC),VILA NOVA (GO),2,0,0,0,realizado,15526184
B2026.179,2026,B,Única,18,2026-07-18,PONTE PRETA (SP),GOIÁS (GO),1,2,0,0,realizado,15526178
B2026.180,2026,B,Única,18,2026-07-18,SPORT (PE),OPERÁRIO (PR),2,2,0,0,realizado,15526185
B2026.181,2026,B,Única,19,2026-07-21,AVAÍ (SC),AMÉRICA (MG),2,1,0,0,realizado,15526194
B2026.182,2026,B,Única,19,2026-07-21,NOVORIZONTINO (SP),CRICIÚMA (SC),0,1,0,0,realizado,15526189
B2026.183,2026,B,Única,19,2026-07-21,VILA NOVA (GO),FORTALEZA (CE),2,1,0,0,realizado,15526197
B2026.184,2026,B,Única,19,2026-07-22,CEARÁ (CE),CRB (AL),0,1,0,0,realizado,15526192
B2026.185,2026,B,Única,19,2026-07-22,GOIÁS (GO),SPORT (PE),1,1,0,0,realizado,15526193
B2026.186,2026,B,Única,19,2026-07-22,NÁUTICO (PE),LONDRINA (PR),2,1,0,0,realizado,15526195
B2026.187,2026,B,Única,19,2026-07-22,OPERÁRIO (PR),PONTE PRETA (SP),3,2,0,0,realizado,15526191
B2026.188,2026,B,Única,19,2026-07-23,ATHLETIC (MG),SÃO BERNARDO (SP),2,1,0,0,realizado,15526190
B2026.189,2026,B,Única,19,2026-07-23,BOTAFOGO (SP),JUVENTUDE (RS),4,2,0,0,realizado,15526188
B2026.190,2026,B,Única,19,2026-07-23,CUIABÁ (MT),ATLÉTICO (GO),0,1,0,0,realizado,15526196
B2026.191,2026,B,Única,20,2026-07-26,AMÉRICA (MG),GOIÁS (GO),1,0,0,0,realizado,15526200
B2026.192,2026,B,Única,20,2026-07-26,CRICIÚMA (SC),NÁUTICO (PE),0,0,0,0,realizado,15526204
B2026.193,2026,B,Única,20,2026-07-26,LONDRINA (PR),NOVORIZONTINO (SP),1,4,0,0,realizado,15526201
B2026.194,2026,B,Única,20,2026-07-26,SÃO BERNARDO (SP),CEARÁ (CE),3,4,0,0,realizado,15526199
B2026.195,2026,B,Única,20,2026-07-27,ATLÉTICO (GO),OPERÁRIO (PR),3,1,0,0,realizado,16477939
B2026.196,2026,B,Única,20,2026-07-27,CRB (AL),VILA NOVA (GO),2,0,0,0,realizado,15526206
B2026.197,2026,B,Única,20,2026-07-27,SPORT (PE),CUIABÁ (MT),1,1,0,0,realizado,15526205
B2026.198,2026,B,Única,20,2026-07-28,FORTALEZA (CE),BOTAFOGO (SP),1,0,0,0,realizado,15526202
B2026.199,2026,B,Única,20,2026-07-28,JUVENTUDE (RS),AVAÍ (SC),1,0,0,0,realizado,15526207
B2026.200,2026,B,Única,20,2026-07-28,PONTE PRETA (SP),ATHLETIC (MG),1,1,0,0,realizado,15526198
B2026.201,2026,B,Única,21,2026-08-07,CEARÁ (CE),PONTE PRETA (SP),2,0,0,0,realizado,15526212
B2026.202,2026,B,Única,21,2026-08-07,OPERÁRIO (PR),SÃO BERNARDO (SP),1,3,0,0,realizado,15526211
B2026.203,2026,B,Única,21,2026-08-08,BOTAFOGO (SP),AMÉRICA (MG),2,1,0,0,realizado,15526208
B2026.204,2026,B,Única,21,2026-08-08,VILA NOVA (GO),SPORT (PE),0,1,0,0,realizado,15526217
B2026.205,2026,B,Única,21,2026-08-09,ATHLETIC (MG),CRICIÚMA (SC),2,0,0,0,realizado,15526210
B2026.206,2026,B,Única,21,2026-08-09,CUIABÁ (MT),FORTALEZA (CE),1,1,0,0,realizado,15526216
B2026.207,2026,B,Única,21,2026-08-09,NOVORIZONTINO (SP),JUVENTUDE (RS),0,1,0,0,realizado,15526209
B2026.208,2026,B,Única,21,2026-08-09,NÁUTICO (PE),ATLÉTICO (GO),1,1,0,0,realizado,15526215
B2026.209,2026,B,Única,21,2026-08-10,GOIÁS (GO),LONDRINA (PR),1,0,0,0,realizado,15526213
B2026.210,2026,B,Única,21,2026-08-11,AVAÍ (SC),CRB (AL),0,1,0,0,realizado,15526214
B2026.211,2026,B,Única,22,2026-08-14,PONTE PRETA (SP),NÁUTICO (PE),1,1,0,0,realizado,15526218
B2026.212,2026,B,Única,22,2026-08-14,SPORT (PE),LONDRINA (PR),2,1,0,0,realizado,15526225
B2026.213,2026,B,Única,22,2026-08-14,SÃO BERNARDO (SP),BOTAFOGO (SP),0,1,0,0,realizado,15526219
B2026.214,2026,B,Única,22,2026-08-15,ATLÉTICO (GO),VILA NOVA (GO),0,2,0,0,realizado,15526223
B2026.215,2026,B,Única,22,2026-08-15,CEARÁ (CE),CUIABÁ (MT),1,3,0,0,realizado,15526222
B2026.216,2026,B,Única,22,2026-08-15,CRICIÚMA (SC),GOIÁS (GO),1,0,0,0,realizado,15526224
B2026.217,2026,B,Única,22,2026-08-15,JUVENTUDE (RS),FORTALEZA (CE),0,0,0,0,realizado,15526227
B2026.218,2026,B,Única,22,2026-08-16,AMÉRICA (MG),ATHLETIC (MG),1,3,0,0,realizado,15526220
B2026.219,2026,B,Única,22,2026-08-16,CRB (AL),NOVORIZONTINO (SP),0,0,0,0,realizado,15526226
B2026.220,2026,B,Única,22,2026-08-16,OPERÁRIO (PR),AVAÍ (SC),1,2,0,0,realizado,15526221
B2026.221,2026,B,Única,23,2026-08-18,GOIÁS (GO),JUVENTUDE (RS),0,1,0,0,realizado,15526233
B2026.222,2026,B,Única,23,2026-08-18,LONDRINA (PR),ATLÉTICO (GO),0,0,0,0,realizado,15526231
B2026.223,2026,B,Única,23,2026-08-18,NÁUTICO (PE),CEARÁ (CE),1,0,0,0,realizado,15526235
B2026.224,2026,B,Única,23,2026-08-19,AVAÍ (SC),SPORT (PE),2,1,0,0,realizado,15526234
B2026.225,2026,B,Única,23,2026-08-19,BOTAFOGO (SP),CRICIÚMA (SC),1,1,0,0,realizado,15526228
B2026.226,2026,B,Única,23,2026-08-19,CUIABÁ (MT),OPERÁRIO (PR),1,0,0,0,realizado,15526236
B2026.227,2026,B,Única,23,2026-08-19,FORTALEZA (CE),SÃO BERNARDO (SP),1,1,0,0,realizado,15526232
B2026.228,2026,B,Única,23,2026-08-19,VILA NOVA (GO),PONTE PRETA (SP),6,0,0,0,realizado,15526237
B2026.229,2026,B,Única,23,2026-08-20,ATHLETIC (MG),CRB (AL),0,2,0,0,realizado,15526230
B2026.230,2026,B,Única,23,2026-08-20,NOVORIZONTINO (SP),AMÉRICA (MG),3,0,0,0,realizado,15526229
B2026.231,2026,B,Única,24,2026-08-22,CEARÁ (CE),LONDRINA (PR),2,1,0,0,realizado,15526242
B2026.232,2026,B,Única,24,2026-08-22,CUIABÁ (MT),GOIÁS (GO),1,1,0,0,realizado,15526246
B2026.233,2026,B,Única,24,2026-08-23,CRICIÚMA (SC),FORTALEZA (CE),0,2,0,0,realizado,15526244
B2026.234,2026,B,Única,24,2026-08-23,OPERÁRIO (PR),VILA NOVA (GO),0,0,0,0,realizado,15526241
B2026.235,2026,B,Única,24,2026-08-23,PONTE PRETA (SP),AVAÍ (SC),0,2,0,0,realizado,15526238
B2026.236,2026,B,Única,24,2026-08-23,SÃO BERNARDO (SP),NÁUTICO (PE),1,1,0,0,realizado,15526239
B2026.237,2026,B,Única,24,2026-08-24,ATHLETIC (MG),NOVORIZONTINO (SP),1,4,0,0,realizado,15526240
B2026.238,2026,B,Única,24,2026-08-24,SPORT (PE),AMÉRICA (MG),3,0,0,0,realizado,15526245
B2026.239,2026,B,Única,24,2026-08-25,ATLÉTICO (GO),BOTAFOGO (SP),3,0,0,0,realizado,15526243
B2026.240,2026,B,Única,24,2026-08-25,JUVENTUDE (RS),CRB (AL),2,1,0,0,realizado,15526247
B2026.241,2026,B,Única,25,2026-08-28,GOIÁS (GO),SÃO BERNARDO (SP),,,0,0,agendado,15526253
B2026.242,2026,B,Única,25,2026-08-28,NOVORIZONTINO (SP),SPORT (PE),,,0,0,agendado,15526249
B2026.243,2026,B,Única,25,2026-08-28,NÁUTICO (PE),ATHLETIC (MG),,,0,0,agendado,15526255
B2026.244,2026,B,Única,25,2026-08-29,BOTAFOGO (SP),CUIABÁ (MT),,,0,0,agendado,15526248
B2026.245,2026,B,Única,25,2026-08-30,AMÉRICA (MG),PONTE PRETA (SP),,,0,0,agendado,15526250
B2026.246,2026,B,Única,25,2026-08-30,AVAÍ (SC),ATLÉTICO (GO),,,0,0,agendado,15526254
B2026.247,2026,B,Única,25,2026-08-30,CRB (AL),CRICIÚMA (SC),,,0,0,agendado,15526256
B2026.248,2026,B,Única,25,2026-08-30,VILA NOVA (GO),CEARÁ (CE),,,0,0,agendado,15526257
B2026.249,2026,B,Única,25,2026-08-31,FORTALEZA (CE),OPERÁRIO (PR),,,0,0,agendado,15526252
B2026.250,2026,B,Única,25,2026-09-01,LONDRINA (PR),JUVENTUDE (RS),,,0,0,agendado,15526251
B2026.251,2026,B,Única,26,2026-09-04,ATHLETIC (MG),VILA NOVA (GO),,,0,0,agendado,15526260
B2026.252,2026,B,Única,26,2026-09-04,CRB (AL),AMÉRICA (MG),,,0,0,agendado,15526266
B2026.253,2026,B,Única,26,2026-09-04,CRICIÚMA (SC),CUIABÁ (MT),,,0,0,agendado,15526264
B2026.254,2026,B,Única,26,2026-09-05,CEARÁ (CE),SPORT (PE),,,0,0,agendado,15526262
B2026.255,2026,B,Única,26,2026-09-05,GOIÁS (GO),FORTALEZA (CE),,,0,0,agendado,15526263
B2026.256,2026,B,Única,26,2026-09-05,JUVENTUDE (RS),ATLÉTICO (GO),,,0,0,agendado,15526267
B2026.257,2026,B,Única,26,2026-09-05,NOVORIZONTINO (SP),AVAÍ (SC),,,0,0,agendado,15526259
B2026.258,2026,B,Única,26,2026-09-05,NÁUTICO (PE),BOTAFOGO (SP),,,0,0,agendado,15526265
B2026.259,2026,B,Única,26,2026-09-06,LONDRINA (PR),OPERÁRIO (PR),,,0,0,agendado,15526261
B2026.260,2026,B,Única,26,2026-09-06,PONTE PRETA (SP),SÃO BERNARDO (SP),,,0,0,agendado,15526258
B2026.261,2026,B,Única,27,2026-09-08,CRICIÚMA (SC),JUVENTUDE (RS),,,0,0,agendado,15526274
B2026.262,2026,B,Única,27,2026-09-08,CUIABÁ (MT),ATHLETIC (MG),,,0,0,agendado,15526276
B2026.263,2026,B,Única,27,2026-09-08,SPORT (PE),PONTE PRETA (SP),,,0,0,agendado,15526275
B2026.264,2026,B,Única,27,2026-09-08,SÃO BERNARDO (SP),LONDRINA (PR),,,0,0,agendado,15526269
B2026.265,2026,B,Única,27,2026-09-08,VILA NOVA (GO),GOIÁS (GO),,,0,0,agendado,15526277
B2026.266,2026,B,Única,27,2026-09-09,AMÉRICA (MG),NÁUTICO (PE),,,0,0,agendado,15526270
B2026.267,2026,B,Única,27,2026-09-09,ATLÉTICO (GO),CEARÁ (CE),,,0,0,agendado,15526273
B2026.268,2026,B,Única,27,2026-09-09,BOTAFOGO (SP),NOVORIZONTINO (SP),,,0,0,agendado,15526268
B2026.269,2026,B,Única,27,2026-09-09,FORTALEZA (CE),AVAÍ (SC),,,0,0,agendado,15526272
B2026.270,2026,B,Única,27,2026-09-09,OPERÁRIO (PR),CRB (AL),,,0,0,agendado,15526271
B2026.271,2026,B,Única,28,2026-09-12,AMÉRICA (MG),SÃO BERNARDO (SP),,,0,0,agendado,15526280
B2026.272,2026,B,Única,28,2026-09-12,AVAÍ (SC),VILA NOVA (GO),,,0,0,agendado,15526284
B2026.273,2026,B,Única,28,2026-09-12,BOTAFOGO (SP),GOIÁS (GO),,,0,0,agendado,15526278
B2026.274,2026,B,Única,28,2026-09-12,CRB (AL),SPORT (PE),,,0,0,agendado,15526286
B2026.275,2026,B,Única,28,2026-09-12,LONDRINA (PR),PONTE PRETA (SP),,,0,0,agendado,15526281
B2026.276,2026,B,Única,28,2026-09-12,NÁUTICO (PE),OPERÁRIO (PR),,,0,0,agendado,15526285
B2026.277,2026,B,Única,28,2026-09-13,ATLÉTICO (GO),CRICIÚMA (SC),,,0,0,agendado,15526283
B2026.278,2026,B,Única,28,2026-09-13,FORTALEZA (CE),CEARÁ (CE),,,0,0,agendado,15526282
B2026.279,2026,B,Única,28,2026-09-13,JUVENTUDE (RS),ATHLETIC (MG),,,0,0,agendado,15526287
B2026.280,2026,B,Única,28,2026-09-13,NOVORIZONTINO (SP),CUIABÁ (MT),,,0,0,agendado,15526279
B2026.281,2026,B,Única,29,2026-09-18,CEARÁ (CE),NOVORIZONTINO (SP),,,0,0,agendado,15526292
B2026.282,2026,B,Única,29,2026-09-18,SÃO BERNARDO (SP),ATLÉTICO (GO),,,0,0,agendado,15526289
B2026.283,2026,B,Única,29,2026-09-18,VILA NOVA (GO),AMÉRICA (MG),,,0,0,agendado,15526297
B2026.284,2026,B,Única,29,2026-09-19,ATHLETIC (MG),BOTAFOGO (SP),,,0,0,agendado,15526290
B2026.285,2026,B,Única,29,2026-09-19,CRICIÚMA (SC),OPERÁRIO (PR),,,0,0,agendado,15526294
B2026.286,2026,B,Única,29,2026-09-19,CUIABÁ (MT),NÁUTICO (PE),,,0,0,agendado,15526296
B2026.287,2026,B,Única,29,2026-09-19,SPORT (PE),JUVENTUDE (RS),,,0,0,agendado,15526295
B2026.288,2026,B,Única,29,2026-09-20,GOIÁS (GO),AVAÍ (SC),,,0,0,agendado,15526293
B2026.289,2026,B,Única,29,2026-09-20,LONDRINA (PR),FORTALEZA (CE),,,0,0,agendado,15526291
B2026.290,2026,B,Única,29,2026-09-20,PONTE PRETA (SP),CRB (AL),,,0,0,agendado,15526288
B2026.291,2026,B,Única,30,2026-09-25,NOVORIZONTINO (SP),SÃO BERNARDO (SP),,,0,0,agendado,15526299
B2026.292,2026,B,Única,30,2026-09-25,VILA NOVA (GO),LONDRINA (PR),,,0,0,agendado,15526307
B2026.293,2026,B,Única,30,2026-09-26,AMÉRICA (MG),JUVENTUDE (RS),,,0,0,agendado,15526300
B2026.294,2026,B,Única,30,2026-09-26,BOTAFOGO (SP),PONTE PRETA (SP),,,0,0,agendado,15526298
B2026.295,2026,B,Única,30,2026-09-26,GOIÁS (GO),ATLÉTICO (GO),,,0,0,agendado,15526303
B2026.296,2026,B,Única,30,2026-09-26,NÁUTICO (PE),SPORT (PE),,,0,0,agendado,15526305
B2026.297,2026,B,Única,30,2026-09-26,OPERÁRIO (PR),CEARÁ (CE),,,0,0,agendado,15526301
B2026.298,2026,B,Única,30,2026-09-27,CRB (AL),CUIABÁ (MT),,,0,0,agendado,15526306
B2026.299,2026,B,Única,30,2026-09-27,CRICIÚMA (SC),AVAÍ (SC),,,0,0,agendado,15526304
B2026.300,2026,B,Única,30,2026-09-27,FORTALEZA (CE),ATHLETIC (MG),,,0,0,agendado,15526302
B2026.301,2026,B,Única,31,2026-10-03,ATHLETIC (MG),SPORT (PE),,,0,0,agendado,15526312
B2026.302,2026,B,Única,31,2026-10-03,ATLÉTICO (GO),AMÉRICA (MG),,,0,0,agendado,15526317
B2026.303,2026,B,Única,31,2026-10-03,AVAÍ (SC),CEARÁ (CE),,,0,0,agendado,15526318
B2026.304,2026,B,Única,31,2026-10-03,BOTAFOGO (SP),VILA NOVA (GO),,,0,0,agendado,15526310
B2026.305,2026,B,Única,31,2026-10-03,CUIABÁ (MT),PONTE PRETA (SP),,,0,0,agendado,15526320
B2026.306,2026,B,Única,31,2026-10-03,FORTALEZA (CE),NÁUTICO (PE),,,0,0,agendado,15526316
B2026.307,2026,B,Única,31,2026-10-03,JUVENTUDE (RS),OPERÁRIO (PR),,,0,0,agendado,15526321
B2026.308,2026,B,Única,31,2026-10-03,LONDRINA (PR),CRICIÚMA (SC),,,0,0,agendado,15526315
B2026.309,2026,B,Única,31,2026-10-03,NOVORIZONTINO (SP),GOIÁS (GO),,,0,0,agendado,15526319
B2026.310,2026,B,Única,31,2026-10-03,SÃO BERNARDO (SP),CRB (AL),,,0,0,agendado,15526311
B2026.311,2026,B,Única,32,2026-10-06,AMÉRICA (MG),FORTALEZA (CE),,,0,0,agendado,15526324
B2026.312,2026,B,Única,32,2026-10-06,AVAÍ (SC),LONDRINA (PR),,,0,0,agendado,15526328
B2026.313,2026,B,Única,32,2026-10-06,CEARÁ (CE),CRICIÚMA (SC),,,0,0,agendado,15526326
B2026.314,2026,B,Única,32,2026-10-06,CRB (AL),ATLÉTICO (GO),,,0,0,agendado,15526330
B2026.315,2026,B,Única,32,2026-10-06,GOIÁS (GO),ATHLETIC (MG),,,0,0,agendado,15526327
B2026.316,2026,B,Única,32,2026-10-06,NÁUTICO (PE),NOVORIZONTINO (SP),,,0,0,agendado,15526329
B2026.317,2026,B,Única,32,2026-10-06,OPERÁRIO (PR),BOTAFOGO (SP),,,0,0,agendado,15526325
B2026.318,2026,B,Única,32,2026-10-06,PONTE PRETA (SP),JUVENTUDE (RS),,,0,0,agendado,15526322
B2026.319,2026,B,Única,32,2026-10-06,SPORT (PE),SÃO BERNARDO (SP),,,0,0,agendado,15526323
B2026.320,2026,B,Única,32,2026-10-06,VILA NOVA (GO),CUIABÁ (MT),,,0,0,agendado,15526331
B2026.321,2026,B,Única,33,2026-10-10,ATHLETIC (MG),LONDRINA (PR),,,0,0,agendado,15526334
B2026.322,2026,B,Única,33,2026-10-10,ATLÉTICO (GO),SPORT (PE),,,0,0,agendado,15526337
B2026.323,2026,B,Única,33,2026-10-10,BOTAFOGO (SP),CEARÁ (CE),,,0,0,agendado,15526332
B2026.324,2026,B,Única,33,2026-10-10,CRICIÚMA (SC),AMÉRICA (MG),,,0,0,agendado,15526338
B2026.325,2026,B,Única,33,2026-10-10,CUIABÁ (MT),AVAÍ (SC),,,0,0,agendado,15526340
B2026.326,2026,B,Única,33,2026-10-10,FORTALEZA (CE),CRB (AL),,,0,0,agendado,15526336
B2026.327,2026,B,Única,33,2026-10-10,JUVENTUDE (RS),SÃO BERNARDO (SP),,,0,0,agendado,15526341
B2026.328,2026,B,Única,33,2026-10-10,NOVORIZONTINO (SP),PONTE PRETA (SP),,,0,0,agendado,15526333
B2026.329,2026,B,Única,33,2026-10-10,NÁUTICO (PE),VILA NOVA (GO),,,0,0,agendado,15526339
B2026.330,2026,B,Única,33,2026-10-10,OPERÁRIO (PR),GOIÁS (GO),,,0,0,agendado,15526335
B2026.331,2026,B,Única,34,2026-10-17,AMÉRICA (MG),OPERÁRIO (PR),,,0,0,agendado,15526344
B2026.332,2026,B,Única,34,2026-10-17,AVAÍ (SC),ATHLETIC (MG),,,0,0,agendado,15526348
B2026.333,2026,B,Única,34,2026-10-17,CEARÁ (CE),JUVENTUDE (RS),,,0,0,agendado,15526346
B2026.334,2026,B,Única,34,2026-10-17,CRB (AL),BOTAFOGO (SP),,,0,0,agendado,15526350
B2026.335,2026,B,Única,34,2026-10-17,GOIÁS (GO),NÁUTICO (PE),,,0,0,agendado,15526347
B2026.336,2026,B,Única,34,2026-10-17,LONDRINA (PR),CUIABÁ (MT),,,0,0,agendado,15526345
B2026.337,2026,B,Única,34,2026-10-17,PONTE PRETA (SP),ATLÉTICO (GO),,,0,0,agendado,15526342
B2026.338,2026,B,Única,34,2026-10-17,SPORT (PE),FORTALEZA (CE),,,0,0,agendado,15526349
B2026.339,2026,B,Única,34,2026-10-17,SÃO BERNARDO (SP),CRICIÚMA (SC),,,0,0,agendado,15526343
B2026.340,2026,B,Única,34,2026-10-17,VILA NOVA (GO),NOVORIZONTINO (SP),,,0,0,agendado,15526351
B2026.341,2026,B,Única,35,2026-10-24,AMÉRICA (MG),CUIABÁ (MT),,,0,0,agendado,15526354
B2026.342,2026,B,Única,35,2026-10-24,ATLÉTICO (GO),NOVORIZONTINO (SP),,,0,0,agendado,15526357
B2026.343,2026,B,Única,35,2026-10-24,AVAÍ (SC),BOTAFOGO (SP),,,0,0,agendado,15526358
B2026.344,2026,B,Única,35,2026-10-24,CEARÁ (CE),GOIÁS (GO),,,0,0,agendado,15526356
B2026.345,2026,B,Única,35,2026-10-24,CRB (AL),LONDRINA (PR),,,0,0,agendado,15526360
B2026.346,2026,B,Única,35,2026-10-24,JUVENTUDE (RS),NÁUTICO (PE),,,0,0,agendado,15526361
B2026.347,2026,B,Única,35,2026-10-24,OPERÁRIO (PR),ATHLETIC (MG),,,0,0,agendado,15526355
B2026.348,2026,B,Única,35,2026-10-24,PONTE PRETA (SP),FORTALEZA (CE),,,0,0,agendado,15526352
B2026.349,2026,B,Única,35,2026-10-24,SPORT (PE),CRICIÚMA (SC),,,0,0,agendado,15526359
B2026.350,2026,B,Única,35,2026-10-24,SÃO BERNARDO (SP),VILA NOVA (GO),,,0,0,agendado,15526353
B2026.351,2026,B,Única,36,2026-10-31,ATHLETIC (MG),CEARÁ (CE),,,0,0,agendado,15526364
B2026.352,2026,B,Única,36,2026-10-31,BOTAFOGO (SP),SPORT (PE),,,0,0,agendado,15526362
B2026.353,2026,B,Única,36,2026-10-31,CRICIÚMA (SC),PONTE PRETA (SP),,,0,0,agendado,15526368
B2026.354,2026,B,Única,36,2026-10-31,CUIABÁ (MT),SÃO BERNARDO (SP),,,0,0,agendado,15526370
B2026.355,2026,B,Única,36,2026-10-31,FORTALEZA (CE),ATLÉTICO (GO),,,0,0,agendado,15526366
B2026.356,2026,B,Única,36,2026-10-31,GOIÁS (GO),CRB (AL),,,0,0,agendado,15526367
B2026.357,2026,B,Única,36,2026-10-31,LONDRINA (PR),AMÉRICA (MG),,,0,0,agendado,15526365
B2026.358,2026,B,Única,36,2026-10-31,NOVORIZONTINO (SP),OPERÁRIO (PR),,,0,0,agendado,15526363
B2026.359,2026,B,Única,36,2026-10-31,NÁUTICO (PE),AVAÍ (SC),,,0,0,agendado,15526369
B2026.360,2026,B,Única,36,2026-10-31,VILA NOVA (GO),JUVENTUDE (RS),,,0,0,agendado,15526371
B2026.361,2026,B,Única,37,2026-11-07,ATHLETIC (MG),ATLÉTICO (GO),,,0,0,agendado,15526374
B2026.362,2026,B,Única,37,2026-11-07,AVAÍ (SC),SÃO BERNARDO (SP),,,0,0,agendado,15526378
B2026.363,2026,B,Única,37,2026-11-07,BOTAFOGO (SP),LONDRINA (PR),,,0,0,agendado,15526372
B2026.364,2026,B,Única,37,2026-11-07,CEARÁ (CE),AMÉRICA (MG),,,0,0,agendado,15526376
B2026.365,2026,B,Única,37,2026-11-07,CUIABÁ (MT),JUVENTUDE (RS),,,0,0,agendado,15526380
B2026.366,2026,B,Única,37,2026-11-07,GOIÁS (GO),PONTE PRETA (SP),,,0,0,agendado,15526377
B2026.367,2026,B,Única,37,2026-11-07,NOVORIZONTINO (SP),FORTALEZA (CE),,,0,0,agendado,15526373
B2026.368,2026,B,Única,37,2026-11-07,NÁUTICO (PE),CRB (AL),,,0,0,agendado,15526379
B2026.369,2026,B,Única,37,2026-11-07,OPERÁRIO (PR),SPORT (PE),,,0,0,agendado,15526375
B2026.370,2026,B,Única,37,2026-11-07,VILA NOVA (GO),CRICIÚMA (SC),,,0,0,agendado,15526381
B2026.371,2026,B,Única,38,2026-11-14,AMÉRICA (MG),AVAÍ (SC),,,0,0,agendado,15526384
B2026.372,2026,B,Única,38,2026-11-14,ATLÉTICO (GO),CUIABÁ (MT),,,0,0,agendado,15526387
B2026.373,2026,B,Única,38,2026-11-14,CRB (AL),CEARÁ (CE),,,0,0,agendado,15526390
B2026.374,2026,B,Única,38,2026-11-14,CRICIÚMA (SC),NOVORIZONTINO (SP),,,0,0,agendado,15526388
B2026.375,2026,B,Única,38,2026-11-14,FORTALEZA (CE),VILA NOVA (GO),,,0,0,agendado,15526386
B2026.376,2026,B,Única,38,2026-11-14,JUVENTUDE (RS),BOTAFOGO (SP),,,0,0,agendado,15526391
B2026.377,2026,B,Única,38,2026-11-14,LONDRINA (PR),NÁUTICO (PE),,,0,0,agendado,15526385
B2026.378,2026,B,Única,38,2026-11-14,PONTE PRETA (SP),OPERÁRIO (PR),,,0,0,agendado,15526382
B2026.379,2026,B,Única,38,2026-11-14,SPORT (PE),GOIÁS (GO),,,0,0,agendado,15526389
B2026.380,2026,B,Única,38,2026-11-14,SÃO BERNARDO (SP),ATHLETIC (MG),,,0,0,agendado,15526383
